{"errors":[],"warnings":[],"namedChunkGroups":{"app":{"chunks":[10,3],"assets":["webpack-runtime-81e58c2eb8f46e24296c.js","webpack-runtime-81e58c2eb8f46e24296c.js.map","app-e24b10235ae33bfef6f4.js","app-e24b10235ae33bfef6f4.js.map"],"children":{},"childAssets":{}},"component---node-modules-gatsby-plugin-offline-app-shell-js":{"chunks":[4],"assets":["component---node-modules-gatsby-plugin-offline-app-shell-js-f4db6384849efaaeaa62.js","component---node-modules-gatsby-plugin-offline-app-shell-js-f4db6384849efaaeaa62.js.map"],"children":{},"childAssets":{}},"component---src-templates-index-js":{"chunks":[0,2,1,5],"assets":["0.0526758e093f0c37664f.css","0-e417dca4b8c2b547c26f.js","0.0526758e093f0c37664f.css.map","0-e417dca4b8c2b547c26f.js.map","2-851d76a578efec5e7e9e.js","2-851d76a578efec5e7e9e.js.map","1.a4d270698359f11f2f88.css","1-8e7f50cca4b7d4e07084.js","1.a4d270698359f11f2f88.css.map","1-8e7f50cca4b7d4e07084.js.map","component---src-templates-index-js.45842a3e694baf16588a.css","component---src-templates-index-js-90f04e817ecf238cc209.js","component---src-templates-index-js.45842a3e694baf16588a.css.map","component---src-templates-index-js-90f04e817ecf238cc209.js.map"],"children":{},"childAssets":{}},"component---src-pages-index-js":{"chunks":[0,2,1,6],"assets":["0.0526758e093f0c37664f.css","0-e417dca4b8c2b547c26f.js","0.0526758e093f0c37664f.css.map","0-e417dca4b8c2b547c26f.js.map","2-851d76a578efec5e7e9e.js","2-851d76a578efec5e7e9e.js.map","1.a4d270698359f11f2f88.css","1-8e7f50cca4b7d4e07084.js","1.a4d270698359f11f2f88.css.map","1-8e7f50cca4b7d4e07084.js.map","component---src-pages-index-js.f52fdaa1741345b692f7.css","component---src-pages-index-js-241a8db7415c82704cb1.js","component---src-pages-index-js.f52fdaa1741345b692f7.css.map","component---src-pages-index-js-241a8db7415c82704cb1.js.map"],"children":{},"childAssets":{}},"component---src-pages-profile-js":{"chunks":[0,9,1,7],"assets":["0.0526758e093f0c37664f.css","0-e417dca4b8c2b547c26f.js","0.0526758e093f0c37664f.css.map","0-e417dca4b8c2b547c26f.js.map","9-00330d60aa68ff5f9cf4.js","9-00330d60aa68ff5f9cf4.js.map","1.a4d270698359f11f2f88.css","1-8e7f50cca4b7d4e07084.js","1.a4d270698359f11f2f88.css.map","1-8e7f50cca4b7d4e07084.js.map","component---src-pages-profile-js.0f3ae4f0befe5b62fbf8.css","component---src-pages-profile-js-61a7819d1c21b1772550.js","component---src-pages-profile-js.0f3ae4f0befe5b62fbf8.css.map","component---src-pages-profile-js-61a7819d1c21b1772550.js.map"],"children":{},"childAssets":{}}},"assetsByChunkName":{"app":["webpack-runtime-81e58c2eb8f46e24296c.js","app-e24b10235ae33bfef6f4.js"],"component---node-modules-gatsby-plugin-offline-app-shell-js":["component---node-modules-gatsby-plugin-offline-app-shell-js-f4db6384849efaaeaa62.js"],"component---src-templates-index-js":["0.0526758e093f0c37664f.css","0-e417dca4b8c2b547c26f.js","2-851d76a578efec5e7e9e.js","1.a4d270698359f11f2f88.css","1-8e7f50cca4b7d4e07084.js","component---src-templates-index-js.45842a3e694baf16588a.css","component---src-templates-index-js-90f04e817ecf238cc209.js"],"component---src-pages-index-js":["0.0526758e093f0c37664f.css","0-e417dca4b8c2b547c26f.js","2-851d76a578efec5e7e9e.js","1.a4d270698359f11f2f88.css","1-8e7f50cca4b7d4e07084.js","component---src-pages-index-js.f52fdaa1741345b692f7.css","component---src-pages-index-js-241a8db7415c82704cb1.js"],"component---src-pages-profile-js":["0.0526758e093f0c37664f.css","0-e417dca4b8c2b547c26f.js","9-00330d60aa68ff5f9cf4.js","1.a4d270698359f11f2f88.css","1-8e7f50cca4b7d4e07084.js","component---src-pages-profile-js.0f3ae4f0befe5b62fbf8.css","component---src-pages-profile-js-61a7819d1c21b1772550.js"]}}